{"cameraMode":{"drawMode":0,"name":"Shaded","section":"Shading Mode"},"sceneLighting":true,"audioPlay":false,"sceneViewState":{"showFog":true,"showMaterialUpdate":false,"showSkybox":true,"showFlares":true,"showImageEffects":true,"showParticleSystems":true},"in2DMode":false,"pivot":{"x":1.6030000448226929,"y":0.4212675094604492,"z":0.11909998953342438},"rotation":{"x":-0.38186901807785036,"y":-0.5712332725524902,"z":0.33962878584861758,"w":-0.6422988176345825},"size":0.8501365780830383,"orthographic":true}