{"cameraMode":{"drawMode":0,"name":"Shaded","section":"Shading Mode"},"sceneLighting":true,"audioPlay":false,"sceneViewState":{"showFog":true,"showMaterialUpdate":false,"showSkybox":true,"showFlares":true,"showImageEffects":true,"showParticleSystems":true},"in2DMode":false,"pivot":{"x":-0.6792793869972229,"y":2.05271577835083,"z":1.071006417274475},"rotation":{"x":0.1021631583571434,"y":0.7088598012924194,"z":-0.10495956987142563,"w":0.6899746060371399},"size":1.5017544031143189,"orthographic":true}