{"cameraMode":{"drawMode":0,"name":"Shaded","section":"Shading Mode"},"sceneLighting":false,"audioPlay":false,"sceneViewState":{"showFog":true,"showMaterialUpdate":false,"showSkybox":false,"showFlares":true,"showImageEffects":true,"showParticleSystems":true},"in2DMode":false,"pivot":{"x":2427.199951171875,"y":1296.0,"z":556.9854736328125},"rotation":{"x":0.03034491464495659,"y":0.70124351978302,"z":-0.0298942718654871,"w":0.7116573452949524},"size":284.45440673828127,"orthographic":true}