{"cameraMode":{"drawMode":0,"name":"Shaded","section":"Shading Mode"},"sceneLighting":true,"audioPlay":true,"sceneViewState":{"showFog":true,"showMaterialUpdate":false,"showSkybox":true,"showFlares":true,"showImageEffects":true,"showParticleSystems":true},"in2DMode":false,"pivot":{"x":-0.37034478783607485,"y":0.5694072842597961,"z":-0.07302913069725037},"rotation":{"x":0.17858952283859254,"y":-0.789753794670105,"z":0.27096298336982729,"w":0.52059006690979},"size":1.548548936843872,"orthographic":false}