{"cameraMode":{"drawMode":0,"name":"Shaded","section":"Shading Mode"},"sceneLighting":true,"audioPlay":false,"sceneViewState":{"showFog":true,"showMaterialUpdate":false,"showSkybox":false,"showFlares":true,"showImageEffects":true,"showParticleSystems":true},"in2DMode":false,"pivot":{"x":0.0060901641845703129,"y":0.8739091157913208,"z":-0.017390727996826173},"rotation":{"x":-0.3306727111339569,"y":-0.6583675742149353,"z":0.3974512219429016,"w":-0.5472062230110169},"size":2.1751632690429689,"orthographic":false}