{"cameraMode":{"drawMode":0,"name":"Shaded","section":"Shading Mode"},"sceneLighting":true,"audioPlay":true,"sceneViewState":{"showFog":true,"showMaterialUpdate":false,"showSkybox":false,"showFlares":true,"showImageEffects":true,"showParticleSystems":true},"in2DMode":false,"pivot":{"x":-0.7215529680252075,"y":0.8558557629585266,"z":-0.6827591061592102},"rotation":{"x":-0.15306314826011659,"y":0.7339339256286621,"z":-0.17610947787761689,"w":-0.6378896832466126},"size":2.1202025413513185,"orthographic":true}