{"cameraMode":{"drawMode":0,"name":"Shaded","section":"Shading Mode"},"sceneLighting":true,"audioPlay":true,"sceneViewState":{"showFog":true,"showMaterialUpdate":false,"showSkybox":false,"showFlares":true,"showImageEffects":true,"showParticleSystems":true},"in2DMode":false,"pivot":{"x":-0.7400007247924805,"y":5.929999351501465,"z":0.0},"rotation":{"x":-0.15167823433876038,"y":0.7149139046669006,"z":-0.16362391412258149,"w":-0.6627057790756226},"size":23.175352096557618,"orthographic":false}