{"cameraMode":{"drawMode":0,"name":"Shaded","section":"Shading Mode"},"sceneLighting":true,"audioPlay":false,"sceneViewState":{"showFog":true,"showMaterialUpdate":false,"showSkybox":false,"showFlares":true,"showImageEffects":true,"showParticleSystems":true},"in2DMode":false,"pivot":{"x":0.17507301270961762,"y":7.931320667266846,"z":4.89970588684082},"rotation":{"x":-0.04261583462357521,"y":0.8375580310821533,"z":-0.5407904386520386,"w":-0.06644177436828613},"size":-0.9031776785850525,"orthographic":false}