{"cameraMode":{"drawMode":0,"name":"Shaded","section":"Shading Mode"},"sceneLighting":false,"audioPlay":false,"sceneViewState":{"showFog":true,"showMaterialUpdate":false,"showSkybox":false,"showFlares":true,"showImageEffects":true,"showParticleSystems":true},"in2DMode":false,"pivot":{"x":1.4988681077957154,"y":1.532839298248291,"z":-0.3053172826766968},"rotation":{"x":-0.03641502931714058,"y":-0.8874252438545227,"z":0.07092743366956711,"w":-0.45413175225257876},"size":3.3353006839752199,"orthographic":true}