{"cameraMode":{"drawMode":0,"name":"Shaded","section":"Shading Mode"},"sceneLighting":true,"audioPlay":true,"sceneViewState":{"showFog":true,"showMaterialUpdate":false,"showSkybox":false,"showFlares":true,"showImageEffects":true,"showParticleSystems":true},"in2DMode":false,"pivot":{"x":0.13650073111057282,"y":0.45015597343444826,"z":0.046299055218696597},"rotation":{"x":0.059602800756692889,"y":-0.7174071669578552,"z":0.06184923276305199,"w":0.6913418173789978},"size":1.1807243824005128,"orthographic":false}