{"cameraMode":{"drawMode":0,"name":"Shaded","section":"Shading Mode"},"sceneLighting":false,"audioPlay":false,"sceneViewState":{"showFog":true,"showMaterialUpdate":false,"showSkybox":false,"showFlares":true,"showImageEffects":true,"showParticleSystems":true},"in2DMode":false,"pivot":{"x":0.0,"y":0.9087546467781067,"z":-2.1859264373779299},"rotation":{"x":0.060737721621990207,"y":-0.5203641057014465,"z":0.03725510463118553,"w":0.8510358929634094},"size":2.4509828090667726,"orthographic":true}