{"cameraMode":{"drawMode":0,"name":"Shaded","section":"Shading Mode"},"sceneLighting":false,"audioPlay":false,"sceneViewState":{"showFog":true,"showMaterialUpdate":false,"showSkybox":false,"showFlares":true,"showImageEffects":true,"showParticleSystems":true},"in2DMode":false,"pivot":{"x":3.0077877044677736,"y":1.5714880228042603,"z":3.1633925437927248},"rotation":{"x":0.16552434861660005,"y":-0.3098534643650055,"z":0.05499542877078056,"w":0.9347018003463745},"size":8.760005950927735,"orthographic":true}