{"cameraMode":{"drawMode":0,"name":"Shaded","section":"Shading Mode"},"sceneLighting":true,"audioPlay":true,"sceneViewState":{"showFog":true,"showMaterialUpdate":false,"showSkybox":false,"showFlares":true,"showImageEffects":true,"showParticleSystems":true},"in2DMode":false,"pivot":{"x":0.05769777297973633,"y":0.8739091157913208,"z":-0.011551380157470703},"rotation":{"x":0.40511736273765566,"y":0.5938085317611694,"z":-0.4680698812007904,"w":0.5140331387519836},"size":1.8834621906280518,"orthographic":false}