{"cameraMode":{"drawMode":0,"name":"Shaded","section":"Shading Mode"},"sceneLighting":true,"audioPlay":true,"sceneViewState":{"showFog":true,"showMaterialUpdate":false,"showSkybox":false,"showFlares":true,"showImageEffects":true,"showParticleSystems":true},"in2DMode":false,"pivot":{"x":0.09283328056335449,"y":0.8654734492301941,"z":0.007858872413635254},"rotation":{"x":0.2695882320404053,"y":-0.231780007481575,"z":0.0670572891831398,"w":0.9322797656059265},"size":1.3538081645965577,"orthographic":false}