{"cameraMode":{"drawMode":0,"name":"Shaded","section":"Shading Mode"},"sceneLighting":false,"audioPlay":false,"sceneViewState":{"showFog":true,"showMaterialUpdate":false,"showSkybox":false,"showFlares":true,"showImageEffects":true,"showParticleSystems":true},"in2DMode":false,"pivot":{"x":0.000011920928955078125,"y":0.3867393136024475,"z":-0.5989508628845215},"rotation":{"x":-0.003743590321391821,"y":0.9960041046142578,"z":-0.0508403442800045,"w":-0.07333841919898987},"size":0.6244926452636719,"orthographic":true}