{"cameraMode":{"drawMode":0,"name":"Shaded","section":"Shading Mode"},"sceneLighting":false,"audioPlay":false,"sceneViewState":{"showFog":true,"showMaterialUpdate":false,"showSkybox":false,"showFlares":true,"showImageEffects":true,"showParticleSystems":true},"in2DMode":false,"pivot":{"x":0.0765429139137268,"y":0.43318063020706179,"z":-0.04364442825317383},"rotation":{"x":-0.00018007813196163625,"y":0.9998165965080261,"z":0.014998329803347588,"w":0.011998366564512253},"size":0.42182838916778567,"orthographic":true}