{"cameraMode":{"drawMode":0,"name":"Shaded","section":"Shading Mode"},"sceneLighting":false,"audioPlay":false,"sceneViewState":{"showFog":true,"showMaterialUpdate":false,"showSkybox":false,"showFlares":true,"showImageEffects":true,"showParticleSystems":true},"in2DMode":false,"pivot":{"x":-0.00002574920654296875,"y":0.3798685073852539,"z":0.0031701475381851198},"rotation":{"x":-0.003743590321391821,"y":0.9960041046142578,"z":-0.0508403442800045,"w":-0.07333841919898987},"size":0.6232379078865051,"orthographic":true}