{"cameraMode":{"drawMode":0,"name":"Shaded","section":"Shading Mode"},"sceneLighting":true,"audioPlay":false,"sceneViewState":{"showFog":true,"showMaterialUpdate":false,"showSkybox":true,"showFlares":true,"showImageEffects":true,"showParticleSystems":true},"in2DMode":false,"pivot":{"x":0.18701171875,"y":2.1123046875,"z":1.1707801818847657},"rotation":{"x":0.15132276713848115,"y":0.6917109489440918,"z":-0.15177756547927857,"w":0.6896397471427918},"size":8.092016220092774,"orthographic":true}