{"cameraMode":{"drawMode":0,"name":"Shaded","section":"Shading Mode"},"sceneLighting":false,"audioPlay":false,"sceneViewState":{"showFog":true,"showMaterialUpdate":false,"showSkybox":false,"showFlares":true,"showImageEffects":true,"showParticleSystems":true},"in2DMode":false,"pivot":{"x":-0.00005155801773071289,"y":0.38236019015312197,"z":0.01223212480545044},"rotation":{"x":-0.012697395868599415,"y":-0.9542827606201172,"z":0.040963828563690189,"w":-0.29584431648254397},"size":0.5824317932128906,"orthographic":true}