{"cameraMode":{"drawMode":0,"name":"Shaded","section":"Shading Mode"},"sceneLighting":true,"audioPlay":false,"sceneViewState":{"showFog":true,"showMaterialUpdate":false,"showSkybox":true,"showFlares":true,"showImageEffects":true,"showParticleSystems":true},"in2DMode":false,"pivot":{"x":0.21035051345825196,"y":0.8155088424682617,"z":0.8938963413238525},"rotation":{"x":-0.06618700921535492,"y":0.7298456430435181,"z":-0.07138388603925705,"w":-0.6766602993011475},"size":3.0095391273498537,"orthographic":false}