{"cameraMode":{"drawMode":0,"name":"Shaded","section":"Shading Mode"},"sceneLighting":true,"audioPlay":false,"sceneViewState":{"showFog":true,"showMaterialUpdate":false,"showSkybox":false,"showFlares":true,"showImageEffects":true,"showParticleSystems":true},"in2DMode":false,"pivot":{"x":3.918651819229126,"y":0.35751819610595705,"z":1.9553762674331666},"rotation":{"x":-0.12118974328041077,"y":-0.651130735874176,"z":0.10644298791885376,"w":-0.7416698336601257},"size":8.928357124328614,"orthographic":false}