{"cameraMode":{"drawMode":0,"name":"Shaded","section":"Shading Mode"},"sceneLighting":true,"audioPlay":false,"sceneViewState":{"showFog":true,"showMaterialUpdate":false,"showSkybox":false,"showFlares":true,"showImageEffects":true,"showParticleSystems":true},"in2DMode":false,"pivot":{"x":5.080078125,"y":0.73388671875,"z":-0.760650634765625},"rotation":{"x":0.10451917350292206,"y":0.6929547786712647,"z":-0.10261628031730652,"w":0.7059628963470459},"size":6.300869941711426,"orthographic":true}