{"cameraMode":{"drawMode":0,"name":"Shaded","section":"Shading Mode"},"sceneLighting":false,"audioPlay":false,"sceneViewState":{"showFog":true,"showMaterialUpdate":false,"showSkybox":false,"showFlares":true,"showImageEffects":true,"showParticleSystems":true},"in2DMode":false,"pivot":{"x":9.5367431640625e-7,"y":1.8876726627349854,"z":-4.76837158203125e-7},"rotation":{"x":-0.01751127280294895,"y":0.7706453204154968,"z":-0.021199533715844156,"w":-0.6366878151893616},"size":3.1826181411743166,"orthographic":false}