{"cameraMode":{"drawMode":0,"name":"Shaded","section":"Shading Mode"},"sceneLighting":true,"audioPlay":false,"sceneViewState":{"showFog":true,"showMaterialUpdate":false,"showSkybox":false,"showFlares":true,"showImageEffects":true,"showParticleSystems":true},"in2DMode":false,"pivot":{"x":-4.935721397399902,"y":4.507572174072266,"z":-0.023849740624427797},"rotation":{"x":-0.000008984389751276467,"y":0.9999924898147583,"z":0.002999971155077219,"w":0.0030000286642462017},"size":6.59918737411499,"orthographic":true}