{"cameraMode":{"drawMode":0,"name":"Shaded","section":"Shading Mode"},"sceneLighting":true,"audioPlay":false,"sceneViewState":{"showFog":true,"showMaterialUpdate":false,"showSkybox":false,"showFlares":true,"showImageEffects":true,"showParticleSystems":true},"in2DMode":false,"pivot":{"x":0.261783242225647,"y":0.6809622645378113,"z":-0.03634568676352501},"rotation":{"x":0.24004893004894257,"y":-0.6677061915397644,"z":0.24222028255462647,"w":0.661724328994751},"size":3.2732396125793459,"orthographic":false}