{"cameraMode":{"drawMode":0,"name":"Shaded","section":"Shading Mode"},"sceneLighting":false,"audioPlay":false,"sceneViewState":{"showFog":true,"showMaterialUpdate":false,"showSkybox":false,"showFlares":true,"showImageEffects":true,"showParticleSystems":true},"in2DMode":false,"pivot":{"x":0.000015944242477416992,"y":0.39093706011772158,"z":0.0005082748830318451},"rotation":{"x":0.06413275748491287,"y":0.7092076539993286,"z":-0.06508506834506989,"w":0.6990644931793213},"size":0.6037364602088928,"orthographic":true}