{"cameraMode":{"drawMode":0,"name":"Shaded","section":"Shading Mode"},"sceneLighting":false,"audioPlay":false,"sceneViewState":{"showFog":true,"showMaterialUpdate":false,"showSkybox":false,"showFlares":true,"showImageEffects":true,"showParticleSystems":true},"in2DMode":false,"pivot":{"x":-0.000003337860107421875,"y":0.9087546467781067,"z":-2.183284282684326},"rotation":{"x":0.13253210484981538,"y":-0.7213557958602905,"z":0.1439094841480255,"w":0.6643686890602112},"size":2.4508750438690187,"orthographic":true}