{"cameraMode":{"drawMode":0,"name":"Shaded","section":"Shading Mode"},"sceneLighting":false,"audioPlay":false,"sceneViewState":{"showFog":true,"showMaterialUpdate":false,"showSkybox":false,"showFlares":true,"showImageEffects":true,"showParticleSystems":true},"in2DMode":false,"pivot":{"x":0.000015944242477416992,"y":0.39093706011772158,"z":0.0005082748830318451},"rotation":{"x":0.03894269838929176,"y":0.8905816674232483,"z":-0.077674999833107,"w":0.44645577669143679},"size":0.6037364602088928,"orthographic":true}