{"cameraMode":{"drawMode":0,"name":"Shaded","section":"Shading Mode"},"sceneLighting":false,"audioPlay":false,"sceneViewState":{"showFog":true,"showMaterialUpdate":false,"showSkybox":false,"showFlares":true,"showImageEffects":true,"showParticleSystems":true},"in2DMode":false,"pivot":{"x":-0.00011205673217773438,"y":0.8312177062034607,"z":-2.063408374786377},"rotation":{"x":0.03894269838929176,"y":0.8905816674232483,"z":-0.077674999833107,"w":0.44645577669143679},"size":1.2661559581756592,"orthographic":true}