{"cameraMode":{"drawMode":0,"name":"Shaded","section":"Shading Mode"},"sceneLighting":true,"audioPlay":false,"sceneViewState":{"showFog":true,"showMaterialUpdate":false,"showSkybox":false,"showFlares":true,"showImageEffects":true,"showParticleSystems":true},"in2DMode":false,"pivot":{"x":4.7265625,"y":2.2388916015625,"z":3.563079833984375},"rotation":{"x":-0.03461363911628723,"y":-0.713348925113678,"z":0.03535998985171318,"w":-0.6990962028503418},"size":3.829639434814453,"orthographic":true}